{"cameraMode":{"drawMode":0,"name":"Shaded","section":"Shading Mode"},"sceneLighting":true,"audioPlay":false,"sceneViewState":{"m_AlwaysRefresh":true,"showFog":true,"showSkybox":true,"showFlares":true,"showImageEffects":true,"showParticleSystems":true,"showVisualEffectGraphs":true,"m_FxEnabled":true},"in2DMode":false,"pivot":{"x":2.807708978652954,"y":-23.52263641357422,"z":-25.910825729370118},"rotation":{"x":0.16795669496059419,"y":-0.7879101634025574,"z":0.5393762588500977,"w":0.24524033069610597},"size":13.669916152954102,"orthographic":false}